{"cameraMode":{"drawMode":0,"name":"Shaded","section":"Shading Mode"},"sceneLighting":false,"audioPlay":false,"sceneViewState":{"showFog":true,"showMaterialUpdate":false,"showSkybox":true,"showFlares":true,"showImageEffects":true,"showParticleSystems":true},"in2DMode":false,"pivot":{"x":5.157386779785156,"y":-7.026724338531494,"z":2.3257102966308595},"rotation":{"x":0.3650869131088257,"y":0.01954348012804985,"z":-0.007669650949537754,"w":0.9307461380958557},"size":15.374113082885743,"orthographic":false}