{"cameraMode":{"drawMode":0,"name":"Shaded","section":"Shading Mode"},"sceneLighting":false,"audioPlay":false,"sceneViewState":{"showFog":true,"showMaterialUpdate":false,"showSkybox":true,"showFlares":true,"showImageEffects":true,"showParticleSystems":true},"in2DMode":false,"pivot":{"x":-2.9391980171203615,"y":1.6853482723236085,"z":-3.927638292312622},"rotation":{"x":0.09612242132425308,"y":-0.028368843719363214,"z":0.002737224567681551,"w":0.9949724674224854},"size":3.4997544288635256,"orthographic":false}